{"cameraMode":{"drawMode":0,"name":"Shaded","section":"Shading Mode"},"sceneLighting":true,"audioPlay":false,"sceneViewState":{"showFog":true,"showMaterialUpdate":false,"showSkybox":true,"showFlares":true,"showImageEffects":true,"showParticleSystems":true},"in2DMode":false,"pivot":{"x":-180.347412109375,"y":5.7873311042785648,"z":22.565549850463868},"rotation":{"x":0.146696075797081,"y":-0.8410512208938599,"z":0.28100067377090456,"w":0.43862974643707278},"size":29.019119262695314,"orthographic":false}