{"cameraMode":{"drawMode":0,"name":"Shaded","section":"Shading Mode"},"sceneLighting":false,"audioPlay":false,"sceneViewState":{"showFog":true,"showMaterialUpdate":false,"showSkybox":false,"showFlares":true,"showImageEffects":true,"showParticleSystems":true},"in2DMode":false,"pivot":{"x":-147.90249633789063,"y":12.999774932861329,"z":9.002540588378907},"rotation":{"x":0.16910184919834138,"y":-0.6380120515823364,"z":0.145651713013649,"w":0.7373589873313904},"size":4.20419979095459,"orthographic":false}