{"cameraMode":{"drawMode":0,"name":"Shaded","section":"Shading Mode"},"sceneLighting":true,"audioPlay":false,"sceneViewState":{"showFog":true,"showMaterialUpdate":false,"showSkybox":true,"showFlares":true,"showImageEffects":true,"showParticleSystems":true},"in2DMode":false,"pivot":{"x":-153.02566528320313,"y":14.436634063720704,"z":24.472867965698243},"rotation":{"x":0.13259314000606538,"y":-0.8666957020759583,"z":0.35930752754211428,"w":0.31980282068252566},"size":7.257575988769531,"orthographic":false}