{"cameraMode":{"drawMode":0,"name":"Shaded","section":"Shading Mode"},"sceneLighting":true,"audioPlay":false,"sceneViewState":{"showFog":true,"showMaterialUpdate":false,"showSkybox":true,"showFlares":true,"showImageEffects":true,"showParticleSystems":true},"in2DMode":false,"pivot":{"x":-182.51918029785157,"y":14.79015064239502,"z":24.316547393798829},"rotation":{"x":0.10815422981977463,"y":-0.8639234900474548,"z":0.2084597498178482,"w":0.44596853852272036},"size":9.044503211975098,"orthographic":false}