{"cameraMode":{"drawMode":0,"name":"Shaded","section":"Shading Mode"},"sceneLighting":false,"audioPlay":true,"sceneViewState":{"showFog":true,"showMaterialUpdate":false,"showSkybox":true,"showFlares":true,"showImageEffects":true,"showParticleSystems":true},"in2DMode":false,"pivot":{"x":-137.6658477783203,"y":27.804712295532228,"z":20.27582550048828},"rotation":{"x":-0.07749233394861222,"y":0.8967005014419556,"z":-0.4064804017543793,"w":-0.16126064956188203},"size":9.875785827636719,"orthographic":false}