{"cameraMode":{"drawMode":0,"name":"Shaded","section":"Shading Mode"},"sceneLighting":false,"audioPlay":true,"sceneViewState":{"showFog":true,"showMaterialUpdate":false,"showSkybox":true,"showFlares":true,"showImageEffects":true,"showParticleSystems":true},"in2DMode":false,"pivot":{"x":-145.9601593017578,"y":12.7984619140625,"z":-7.951023101806641},"rotation":{"x":0.3987967073917389,"y":0.09591121971607208,"z":-0.046201273798942569,"w":0.9115564227104187},"size":103.37120819091797,"orthographic":false}